{
  "project_name": "CinemaPro - Movie Ticket Booking System",
  "tech_stack": {
    "frontend": "HTML5, CSS3 (Glassmorphism UI)",
    "backend": "PHP 8.x",
    "database": "MySQL (Laragon)",
    "design_theme": "Cinema Dark (Netflix Style)"
  },
  "database_schema": {
    "users": ["user_id", "name", "email", "password", "phone"],
    "movies": ["movie_id", "title", "genre", "duration", "poster"],
    "shows": ["show_id", "movie_id", "show_date", "show_time"],
    "seats": ["seat_id", "show_id", "seat_number", "status"],
    "bookings": ["booking_id", "user_id", "show_id", "seats", "total_price", "payment_method", "booking_date"]
  },
  "completed_modules": [
    "User Authentication (Login/Register/Logout)",
    "Home Landing Page (Interactive Movie Cards)",
    "User Dashboard (Movie Grid)",
    "Show Selection (Date & Time Slots)",
    "Seat Selection (Visual Cinema Grid)",
    "Payment Gateway (Online/Offline Tabs)",
    "Booking Confirmation (Digital Ticket Receipt)",
    "Booking History (My Booked Tickets)"
  ],
  "next_steps": [
    "Admin Authentication",
    "Admin Dashboard (Stats & Revenue)",
    "Movie Management (Add/Edit/Delete Movies)",
    "Show/Schedule Management",
    "Final Project Documentation/Report Generation"
  ],
  "current_status": "User-side workflow is 100% complete. Ready to begin Admin-side development."
}